solar-UPV,wind-new,storage_level,storage_capacity,line
0.0,0.0,4.396207422022525e-13,1.0990518555056313e-13,2.2443105649526984e-14
0.0,0.0,4.4130753023303824e-13,1.1032688255825956e-13,1.4685664625224127e-14
0.0,0.0,4.3954654597847617e-13,1.0988663649461904e-13,1.8298895060548064e-14
0.0,0.0,4.38188433157608e-13,1.09547108289402e-13,1.7427455103448876e-14
0.0,0.0,4.3987301334964893e-13,1.0996825333741223e-13,2.310917265243593e-14
0.0,0.0,4.725155628721432e-13,1.181288907180358e-13,1.7227583519990893e-14
0.0,0.0,4.378564108068399e-13,1.0946410270170998e-13,1.2466770738036917e-14
0.0,0.0,4.390822084590598e-13,1.0977055211476495e-13,1.3044610314059237e-14
0.0,0.0,4.3872778417762263e-13,1.0968194604440566e-13,6.097612926642049e-15
0.0,0.0,4.3914890485643995e-13,1.0978722621410999e-13,2.7194345906252044e-14
0.0,0.0,4.404447494303056e-13,1.101111873575764e-13,1.15087089998621e-14
0.0,0.0,4.384115724700245e-13,1.0960289311750613e-13,2.454382681305746e-14
0.0,0.0,4.387994233946785e-13,1.0969985584866962e-13,9.544361871429727e-15
0.0,0.0,4.3794886529414696e-13,1.0948721632353674e-13,4.988711308706761e-14
0.0,0.0,4.387075626674795e-13,1.0967689066686987e-13,1.1302137590474006e-14
0.0,0.0,4.4057277710712426e-13,1.1014319427678107e-13,1.6254136303985228e-14
0.0,0.0,4.390766689700992e-13,1.097691672425248e-13,1.527273306383741e-14
0.0,0.0,4.383150054032702e-13,1.0957875135081755e-13,1.3940732654562898e-14
0.0,0.0,4.391580510074765e-13,1.0978951275186913e-13,1.1608005028296813e-14
0.0,0.0,4.4051350798549996e-13,1.1012837699637499e-13,2.381793463873988e-14
0.0,0.0,4.4056112708654506e-13,1.1014028177163626e-13,1.2907394358946872e-14
0.0,0.0,4.3736349138308393e-13,1.0934087284577098e-13,1.658924999906882e-14
0.0,0.0,4.3902960143045596e-13,1.0975740035761399e-13,3.879276402423498e-14
0.0,0.0,4.3870906331242113e-13,1.0967726582810528e-13,1.4331489469406542e-14
0.0,0.0,4.3855654728767167e-13,1.0963913682191792e-13,2.0307344722498293e-14
0.0,0.0,4.3880875567637904e-13,1.0970218891909476e-13,3.3881403728629037e-14
0.0,0.0,4.379837598396505e-13,1.0949593995991263e-13,2.4614961283955347e-14
0.0,0.0,4.398744178270431e-13,1.0996860445676077e-13,1.0217692733684211e-14
0.0,0.0,4.3794583440402795e-13,1.0948645860100699e-13,1.301953617884932e-14
0.0,0.0,4.391670921319202e-13,1.0979177303298005e-13,1.1537881719358041e-14
0.0,0.0,4.270356356931022e-13,1.0675890892327554e-13,1.82552489678889e-14
0.0,0.0,4.3940264078811587e-13,1.0985066019702897e-13,2.5504737833186335e-14
0.0,0.0,4.3890229663196994e-13,1.0972557415799249e-13,1.480950586280074e-14
0.0,0.0,4.611824262413017e-13,1.1529560656032542e-13,2.392413940474096e-14
0.0,0.0,4.4124939562772363e-13,1.1031234890693091e-13,1.9752634376523604e-14
0.0,0.0,4.403892505479093e-13,1.1009731263697732e-13,3.0817033052677417e-14
0.0,0.0,4.3997646247152193e-13,1.0999411561788048e-13,1.3332451123348177e-14
0.0,0.0,4.3935019198001853e-13,1.0983754799500463e-13,1.1705813954858366e-14
0.0,0.0,4.4058524232611654e-13,1.1014631058152914e-13,4.957430208969526e-14
0.0,0.0,4.386120164660736e-13,1.096530041165184e-13,1.0792238695066541e-14
0.0,0.0,4.387330972408214e-13,1.0968327431020535e-13,1.1592938974428776e-14
0.0,0.0,4.396820247718136e-13,1.099205061929534e-13,1.2121175155507456e-14
0.0,0.0,4.40119548028777e-13,1.1002988700719425e-13,1.0851119112069808e-14
0.0,0.0,4.4034657436920277e-13,1.1008664359230069e-13,9.58782511589876e-15
0.0,0.0,4.397454014724964e-13,1.099363503681241e-13,1.473315640283681e-14
0.0,0.0,4.405044703487268e-13,1.101261175871817e-13,7.863321868206137e-15
0.0,0.0,4.558351577385326e-13,1.1395878943463314e-13,1.9019068442507935e-14
0.0,0.0,4.4031674200774016e-13,1.1007918550193504e-13,2.8035046800469765e-14
0.0,0.0,4.388731196142924e-13,1.097182799035731e-13,2.208163560694926e-14
0.0,0.0,4.4200400504287573e-13,1.1050100126071893e-13,1.0386489311891975e-14
0.0,0.0,4.3920373657334216e-13,1.0980093414333554e-13,1.4336760609334473e-14
0.0,0.0,4.4017498777244836e-13,1.1004374694311209e-13,7.47987033142e-15
0.0,0.0,4.346565720029947e-13,1.0866414300074868e-13,3.902749753213343e-15
0.0,0.0,4.394065147391998e-13,1.0985162868479994e-13,1.820242019421498e-14
0.0,0.0,4.3945623557378845e-13,1.0986405889344711e-13,2.91514742641793e-14
0.0,0.0,4.3873540879043583e-13,1.0968385219760896e-13,1.713705538460195e-14
0.0,0.0,4.3913839253887447e-13,1.0978459813471862e-13,3.1965592941624287e-14
0.0,0.0,4.380975479854898e-13,1.0952438699637245e-13,1.5488018153527272e-14
0.0,0.0,4.4001359544580317e-13,1.1000339886145079e-13,1.8962816422405783e-14
0.0,0.0,4.381939741981086e-13,1.0954849354952716e-13,1.7921756808548494e-14
0.0,0.0,4.3911521806264857e-13,1.0977880451566214e-13,1.1265687577599404e-14
0.0,0.0,4.4029183505121923e-13,1.1007295876280481e-13,1.1777981301210411e-14
0.0,0.0,4.3898149036388817e-13,1.0974537259097204e-13,1.838488812813832e-14
0.0,0.0,4.399567143005256e-13,1.099891785751314e-13,1.776100386550102e-14
0.0,0.0,4.3896877596744043e-13,1.0974219399186011e-13,1.1871357537166263e-14
0.0,0.0,4.3964849571822476e-13,1.0991212392955619e-13,2.0177465566435443e-14
0.0,0.0,4.4007661635930883e-13,1.1001915408982721e-13,1.6786390953162485e-14
0.0,0.0,4.3859632998297485e-13,1.0964908249574371e-13,1.6744815895892143e-14
0.0,0.0,4.399762416179294e-13,1.0999406040448235e-13,2.948961490304601e-14
0.0,0.0,4.613380843526883e-13,1.1533452108817207e-13,1.669576423971695e-14
0.0,0.0,4.4024466953806585e-13,1.1006116738451646e-13,3.453324548636503e-14
0.0,0.0,4.3832298535235984e-13,1.0958074633808996e-13,1.1437511295230133e-14
0.0,0.0,4.401803122516019e-13,1.1004507806290047e-13,8.999365933188691e-15
0.0,0.0,4.3894554537890393e-13,1.0973638634472598e-13,2.301666854371548e-14
0.0,0.0,4.3856240006159817e-13,1.0964060001539954e-13,3.055866936162253e-14
0.0,0.0,4.391961064606814e-13,1.0979902661517035e-13,2.086241409845121e-14
0.0,0.0,4.604797976211e-13,1.15119949405275e-13,1.864435876251422e-14
0.0,0.0,4.396841321688811e-13,1.0992103304222027e-13,1.0168653309789438e-14
0.0,0.0,4.406959626288003e-13,1.1017399065720007e-13,8.509245751779486e-15
0.0,0.0,4.377875392001919e-13,1.0944688480004797e-13,9.761336066085191e-15
0.0,0.0,4.3825120245091027e-13,1.0956280061272757e-13,1.1985368714617484e-14
0.0,0.0,4.4072037651741273e-13,1.1018009412935318e-13,2.61143651778284e-14
0.0,0.0,4.402182951780776e-13,1.100545737945194e-13,7.829062213153194e-15
0.0,0.0,4.3990944549246825e-13,1.0997736137311706e-13,2.0450974258858444e-14
0.0,0.0,4.379856892183774e-13,1.0949642230459436e-13,2.2066655829990892e-14
0.0,0.0,4.4063474246791895e-13,1.1015868561697974e-13,1.1464016882973405e-14
0.0,0.0,4.4063501523457305e-13,1.1015875380864326e-13,1.2082296481699693e-14
0.0,0.0,4.3964050275779817e-13,1.0991012568944954e-13,9.968772721641352e-15
0.0,0.0,4.4191406579437887e-13,1.1047851644859472e-13,1.8816498881078147e-14
0.0,0.0,4.3838996399211194e-13,1.0959749099802799e-13,5.678462394210013e-15
0.0,0.0,4.4012124386604405e-13,1.1003031096651101e-13,1.4500940804200725e-14
0.0,0.0,4.3880156445684983e-13,1.0970039111421246e-13,2.035745394642205e-14
0.0,0.0,4.39016140131243e-13,1.0975403503281076e-13,2.774567385215403e-14
0.0,0.0,4.369098873145572e-13,1.092274718286393e-13,1.782785539799845e-14
0.0,0.0,4.398494454488067e-13,1.0996236136220168e-13,1.6059994051710417e-14
0.0,0.0,4.391507034328967e-13,1.0978767585822417e-13,5.370096983919352e-14
0.0,0.0,4.391809455080792e-13,1.097952363770198e-13,8.805886770586827e-15
0.0,0.0,4.389127871226568e-13,1.097281967806642e-13,1.4589240204545065e-14
0.0,0.0,4.4002054429445093e-13,1.1000513607361273e-13,1.549941376701042e-14
0.0,0.0,4.390790244536335e-13,1.0976975611340837e-13,1.5352502382356258e-14
0.0,0.0,4.401659955612477e-13,1.1004149889031193e-13,1.936364179702621e-14
0.0,0.0,4.3932797154058967e-13,1.0983199288514742e-13,1.4588193844287113e-14
0.0,0.0,4.3892232790349164e-13,1.0973058197587291e-13,3.7079778997378117e-14
0.0,0.0,4.621562667138091e-13,1.1553906667845227e-13,1.956258089392964e-14
0.0,0.0,4.3807026464746035e-13,1.0951756616186509e-13,1.2075710519713599e-14
0.0,0.0,4.3762832924388473e-13,1.0940708231097118e-13,2.2680024706700783e-14
0.0,0.0,4.392369048005131e-13,1.0980922620012827e-13,1.1769229516934893e-14
0.0,0.0,4.3909055571686717e-13,1.0977263892921679e-13,2.151800828765077e-14
0.0,0.0,4.3848420519827435e-13,1.0962105129956859e-13,1.40483652127244e-14
0.0,0.0,4.398447728517661e-13,1.0996119321294153e-13,1.8354407989726343e-14
0.0,0.0,4.3892096104687274e-13,1.0973024026171818e-13,2.393635054765604e-14
0.0,0.0,4.3681104227954553e-13,1.0920276056988638e-13,3.9839623463328184e-14
0.0,0.0,4.394118532115965e-13,1.0985296330289912e-13,1.091613441806975e-14
0.0,0.0,4.379495757598348e-13,1.094873939399587e-13,1.4568885932207755e-14
0.0,0.0,4.4062272143513323e-13,1.1015568035878331e-13,4.752083618450078e-15
0.0,0.0,4.401011500896154e-13,1.1002528752240384e-13,2.1379917163292114e-14
0.0,0.0,4.3823784254267307e-13,1.0955946063566827e-13,1.1704713777377394e-14
0.0,0.0,4.3762302150616523e-13,1.0940575537654131e-13,1.3455416006149226e-14
0.0,0.0,4.40391144200689e-13,1.1009778605017225e-13,1.8118250058347594e-14
0.0,0.0,4.3989047224033113e-13,1.0997261806008278e-13,8.750123693611852e-15
0.0,0.0,4.3956334709656345e-13,1.0989083677414086e-13,1.5244158603888802e-14
0.0,0.0,4.3861712082370237e-13,1.0965428020592559e-13,1.5185842808801227e-14
0.0,0.0,4.391112260997609e-13,1.0977780652494022e-13,1.298791551498287e-14
0.0,0.0,4.394411272713566e-13,1.0986028181783915e-13,2.279797277804595e-14
0.0,0.0,4.397018248195483e-13,1.0992545620488707e-13,2.0925056978188348e-14
0.0,0.0,4.3897949342113606e-13,1.0974487335528401e-13,2.7571543762721244e-14
0.0,0.0,4.3711476744394247e-13,1.0927869186098562e-13,7.631670546744657e-15
0.0,0.0,4.395863811944487e-13,1.0989659529861218e-13,1.3731557175010236e-14
0.0,0.0,4.4137313362328433e-13,1.1034328340582108e-13,1.380366103702374e-14
0.0,0.0,4.3995912777559967e-13,1.0998978194389992e-13,1.392565399424556e-14
0.0,0.0,4.4066231990351527e-13,1.1016557997587882e-13,1.1982752708941893e-14
0.0,0.0,4.1500586459015424e-13,1.0375146614753856e-13,3.157934651600748e-14
0.0,0.0,4.390127207950699e-13,1.0975318019876747e-13,2.1987461848167177e-14
0.0,0.0,4.379943497875086e-13,1.0949858744687715e-13,1.2460206528072501e-14
0.0,0.0,4.3968279755287865e-13,1.0992069938821966e-13,1.140437683286129e-14
0.0,0.0,4.410031875443677e-13,1.1025079688609193e-13,1.3841231400966045e-14
0.0,0.0,4.3789987949428786e-13,1.0947496987357196e-13,1.5075090238491008e-14
0.0,0.0,4.3959064289358e-13,1.09897660723395e-13,1.424949335612497e-14
0.0,0.0,4.3889749646948515e-13,1.0972437411737129e-13,1.4447867213879638e-14
0.0,0.0,4.386994454815629e-13,1.0967486137039072e-13,2.8944916649683374e-14
0.0,0.0,4.3982167170808834e-13,1.0995541792702208e-13,9.263862671171001e-15
0.0,0.0,4.403505060435198e-13,1.1008762651087995e-13,2.3449666015696553e-14
0.0,0.0,4.387286026417569e-13,1.0968215066043922e-13,1.2336089801209884e-14
0.0,0.0,4.396569550851114e-13,1.0991423877127785e-13,1.4420125992147508e-14
0.0,0.0,4.398739570312663e-13,1.0996848925781658e-13,5.079242112528317e-14
0.0,0.0,4.395692389202262e-13,1.0989230973005654e-13,3.479637758226157e-14
0.0,0.0,4.390865418177777e-13,1.0977163545444443e-13,1.833198842370157e-14
0.0,0.0,4.471655220621031e-13,1.1179138051552578e-13,2.6867538611879537e-14
0.0,0.0,4.3957437360714055e-13,1.0989359340178514e-13,1.0528002925354605e-14
0.0,0.0,4.391332462563908e-13,1.097833115640977e-13,1.4368239009901228e-14
0.0,0.0,4.3927260669451355e-13,1.0981815167362839e-13,1.926416834040222e-14
0.0,0.0,4.3750167540009153e-13,1.0937541885002288e-13,1.953066607194173e-14
0.0,0.0,5.529143792212335e-13,1.3822859480530839e-13,1.3881939524524166e-14
0.0,0.0,4.3928363814203695e-13,1.0982090953550924e-13,1.4718162474346734e-14
0.0,0.0,4.4003269117880947e-13,1.1000817279470237e-13,1.3384043860980513e-14
0.0,0.0,4.506715504090552e-13,1.126678876022638e-13,1.0676744099859233e-14
0.0,0.0,4.3981770108425397e-13,1.0995442527106349e-13,1.2412225802798655e-14
0.0,0.0,4.3966484117669113e-13,1.0991621029417278e-13,1.1409439105332096e-14
0.0,0.0,4.4163013714412784e-13,1.1040753428603196e-13,1.699744729627797e-14
0.0,0.0,4.398981999455926e-13,1.0997454998639816e-13,1.611549514370375e-14
0.0,0.0,4.395230156505026e-13,1.0988075391262565e-13,6.903245832414576e-15
0.0,0.0,4.631133454380359e-13,1.1577833635950897e-13,2.4843754552632447e-14
0.0,0.0,4.387134513386531e-13,1.0967836283466328e-13,8.395094177628483e-15
0.0,0.0,4.399519646262325e-13,1.0998799115655813e-13,5.2912290055308584e-15
0.0,0.0,4.414356321712812e-13,1.103589080428203e-13,9.2942084190107e-15
0.0,0.0,4.3798527205588036e-13,1.0949631801397009e-13,1.5381520511310884e-14
0.0,0.0,4.3923393091896174e-13,1.0980848272974043e-13,2.0533371086836907e-14
0.0,0.0,4.389401546155089e-13,1.0973503865387723e-13,1.2761330788077851e-14
0.0,0.0,4.3986761050425033e-13,1.0996690262606258e-13,1.470647941104412e-14
0.0,0.0,4.3960220156451835e-13,1.0990055039112959e-13,3.0248251693408196e-14
0.0,0.0,4.3971396504376276e-13,1.0992849126094069e-13,2.6809334548587828e-14
0.0,0.0,4.3760879385589336e-13,1.0940219846397334e-13,1.66294379727869e-14
0.0,0.0,4.3979822325538237e-13,1.0994955581384559e-13,1.3165055961005074e-14
0.0,0.0,4.39167708238781e-13,1.0979192705969526e-13,1.7313728661221805e-14
0.0,0.0,4.3918707511786536e-13,1.0979676877946634e-13,2.544098998953039e-14
0.0,0.0,4.391744198923913e-13,1.0979360497309783e-13,1.3974743059963918e-14
0.0,0.0,4.390142568235803e-13,1.0975356420589507e-13,1.3608630030736393e-14
0.0,0.0,4.39821520289608e-13,1.09955380072402e-13,1.8119015172516518e-14
0.0,0.0,4.372980814270785e-13,1.0932452035676963e-13,2.1773621081765372e-14
0.0,0.0,4.398883163193646e-13,1.0997207907984115e-13,1.8409381346054604e-14
0.0,0.0,4.3965539170765445e-13,1.0991384792691361e-13,1.8736935159370294e-14
0.0,0.0,4.402782389857016e-13,1.100695597464254e-13,1.5432574873152442e-14
0.0,0.0,4.396410190568395e-13,1.0991025476420987e-13,2.4301216155483225e-14
0.0,0.0,4.416799403516609e-13,1.1041998508791522e-13,1.749357236279805e-14
0.0,0.0,4.393172553784792e-13,1.098293138446198e-13,1.1335484903352098e-14
0.0,0.0,4.3923531867782645e-13,1.0980882966945661e-13,1.465020766019547e-14
0.0,0.0,4.3988639793250043e-13,1.0997159948312511e-13,4.872762277107758e-14
0.0,0.0,4.4034800585936284e-13,1.1008700146484071e-13,1.3220910880033454e-14
0.0,0.0,4.3979190878981544e-13,1.0994797719745386e-13,1.1117449575404465e-14
0.0,0.0,4.3969176726441566e-13,1.0992294181610391e-13,1.0439519299839362e-14
0.0,0.0,4.383287984845186e-13,1.0958219962112965e-13,1.221993074289057e-14
0.0,0.0,4.404757381516371e-13,1.1011893453790927e-13,9.282790803782123e-15
0.0,0.0,4.3877769425917163e-13,1.0969442356479291e-13,2.158642832560562e-14
0.0,0.0,4.3919726037601064e-13,1.0979931509400266e-13,3.345716717042954e-14
0.0,0.0,4.3917256354672346e-13,1.0979314088668086e-13,5.0076416777497655e-15
0.0,0.0,4.3806963631402835e-13,1.0951740907850709e-13,7.032013577198253e-15
0.0,0.0,4.479476312608547e-13,1.1198690781521367e-13,1.07538637839073e-14
0.0,0.0,4.3916513141471057e-13,1.0979128285367764e-13,1.2638516593037645e-14
0.0,0.0,4.402986204396249e-13,1.1007465510990623e-13,1.2964279255395916e-14
0.0,0.0,4.390861300538026e-13,1.0977153251345065e-13,9.441359158336996e-15
0.0,0.0,4.369795993554613e-13,1.0924489983886533e-13,1.2574681286651694e-14
0.0,0.0,4.3887228318301934e-13,1.0971807079575484e-13,1.7816738373035996e-14
0.0,0.0,4.536640853952412e-13,1.134160213488103e-13,1.8947815288071183e-14
0.0,0.0,4.408213941229643e-13,1.1020534853074107e-13,1.842870760606033e-14
0.0,0.0,4.425874174138581e-13,1.1064685435346453e-13,1.5559674057661965e-14
0.0,0.0,4.3762899732862935e-13,1.0940724933215734e-13,5.7147152957182476e-15
0.0,0.0,4.3934385372159324e-13,1.0983596343039831e-13,1.3222783084185018e-14
0.0,0.0,4.3842212437477553e-13,1.0960553109369388e-13,2.00941179926451e-14
0.0,0.0,4.4105286750479416e-13,1.1026321687619854e-13,2.457534397365563e-14
0.0,0.0,4.394274276786576e-13,1.098568569196644e-13,1.2273234257713183e-14
0.0,0.0,4.3988087176903257e-13,1.0997021794225814e-13,1.8609254937503553e-14
0.0,0.0,4.40381953203919e-13,1.1009548830097975e-13,2.2436961357396918e-14
0.0,0.0,4.3764899718493563e-13,1.0941224929623391e-13,1.4972737933142717e-14
0.0,0.0,4.3919096727776656e-13,1.0979774181944164e-13,1.3384023632986809e-14
0.0,0.0,0.0,0.0,1.225774781504215e-14
0.0,0.0,0.0,0.0,4.9302323975813386e-14
0.0,0.0,0.0,0.0,7.461838019448281e-15
0.0,0.0,0.0,0.0,1.6820050556680847e-14
0.0,0.0,0.0,0.0,3.4417787054518916e-14
0.0,0.0,0.0,0.0,2.573638110507289e-14
0.0,0.0,0.0,0.0,2.1430361318700735e-14
0.0,0.0,0.0,0.0,2.027091336232462e-14
0.0,0.0,0.0,0.0,1.1947444742932712e-14
0.0,0.0,0.0,0.0,2.1917559060146467e-14
0.0,0.0,0.0,0.0,1.1054603899875715e-14
0.0,0.0,0.0,0.0,2.8151438878286498e-14
0.0,0.0,0.0,0.0,3.0949658377495195e-14
0.0,0.0,0.0,0.0,1.1942587046264072e-14
0.0,0.0,0.0,0.0,2.4935495405380425e-14
0.0,0.0,0.0,0.0,3.827580873586792e-14
0.0,0.0,0.0,0.0,1.1786123109762072e-14
0.0,0.0,0.0,0.0,3.2590051423549114e-14
0.0,0.0,0.0,0.0,4.5031002937292615e-14
0.0,0.0,0.0,0.0,1.6930160886568504e-14
0.0,0.0,0.0,0.0,6.612422125010304e-15
0.0,0.0,0.0,0.0,1.7464265627103674e-14
0.0,0.0,0.0,0.0,1.2797406769525552e-14
0.0,0.0,0.0,0.0,1.1767610713028184e-14
0.0,0.0,0.0,0.0,1.6319520519559845e-14
0.0,0.0,0.0,0.0,1.5061230664812522e-14
0.0,0.0,0.0,0.0,2.185075263694671e-14
0.0,0.0,0.0,0.0,1.4609087813603793e-14
0.0,0.0,0.0,0.0,1.9067655160832526e-14
0.0,0.0,0.0,0.0,1.0129633740470221e-14
0.0,0.0,0.0,0.0,1.8916614838178558e-14
0.0,0.0,0.0,0.0,1.0429269882267147e-14
0.0,0.0,0.0,0.0,2.081975646483379e-14
0.0,0.0,0.0,0.0,1.2176654746597355e-14
0.0,0.0,0.0,0.0,1.4986746902063234e-14
0.0,0.0,0.0,0.0,2.3205215650198324e-14
0.0,0.0,0.0,0.0,9.693896626808901e-15
0.0,0.0,0.0,0.0,6.253493817689408e-15
0.0,0.0,0.0,0.0,1.2686062530860914e-14
0.0,0.0,0.0,0.0,2.0169985062968437e-14
0.0,0.0,0.0,0.0,2.094078142762957e-14
0.0,0.0,0.0,0.0,8.55370487655178e-15
0.0,0.0,0.0,0.0,1.8837918933090264e-14
0.0,0.0,0.0,0.0,1.394338028921308e-14
0.0,0.0,0.0,0.0,1.7822895313461923e-14
0.0,0.0,0.0,0.0,1.0796059351146593e-14
0.0,0.0,0.0,0.0,1.4850356671818174e-14
0.0,0.0,0.0,0.0,1.7685539665136156e-14
0.0,0.0,0.0,0.0,2.3100068081251472e-14
0.0,0.0,0.0,0.0,9.917141480772276e-15
0.0,0.0,0.0,0.0,1.508657266694862e-14
0.0,0.0,0.0,0.0,4.6785913209799845e-15
0.0,0.0,0.0,0.0,1.6573401064016932e-14
0.0,0.0,0.0,0.0,1.2907752293482813e-14
0.0,0.0,0.0,0.0,1.789913188244055e-14
0.0,0.0,0.0,0.0,1.464432142945057e-14
0.0,0.0,0.0,0.0,2.1705063247234172e-14
0.0,0.0,0.0,0.0,7.996004871685508e-15
0.0,0.0,0.0,0.0,1.8329375943853647e-14
0.0,0.0,0.0,0.0,4.0083090872802373e-14
0.0,0.0,0.0,0.0,1.6627537886678492e-14
0.0,0.0,0.0,0.0,1.9431038723177552e-14
0.0,0.0,0.0,0.0,1.7045038306269426e-14
0.0,0.0,0.0,0.0,1.5964910337414838e-14
0.0,0.0,0.0,0.0,1.5276621114383785e-14
0.0,0.0,0.0,0.0,2.843219908030555e-14
0.0,0.0,0.0,0.0,1.490371094636397e-14
0.0,0.0,0.0,0.0,1.3230841971166336e-14
0.0,0.0,0.0,0.0,2.4122768705159187e-14
0.0,0.0,0.0,0.0,5.5585201112143885e-15
0.0,0.0,0.0,0.0,8.517275314641993e-15
0.0,0.0,0.0,0.0,1.3725408680599126e-14
0.0,0.0,0.0,0.0,1.8310034917410453e-14
0.0,0.0,0.0,0.0,1.388002604173961e-14
0.0,0.0,0.0,0.0,1.919880615814969e-14
0.0,0.0,0.0,0.0,1.9595345052663917e-14
0.0,0.0,0.0,0.0,1.4174770699411251e-14
0.0,0.0,0.0,0.0,9.990000846484967e-15
0.0,0.0,0.0,0.0,1.697438230501903e-14
0.0,0.0,0.0,0.0,2.185337237860073e-14
0.0,0.0,0.0,0.0,1.5385531367921578e-14
0.0,0.0,0.0,0.0,1.3771232864637615e-14
0.0,0.0,0.0,0.0,2.4659772454503014e-14
0.0,0.0,0.0,0.0,1.1650025221384834e-14
0.0,0.0,0.0,0.0,1.2229661172609392e-14
0.0,0.0,0.0,0.0,1.4090895233443521e-14
0.0,0.0,0.0,0.0,1.486341227499949e-14
0.0,0.0,0.0,0.0,9.978452995428071e-15
0.0,0.0,0.0,0.0,1.8534292468062624e-14
0.0,0.0,0.0,0.0,1.8477169364749724e-14
0.0,0.0,0.0,0.0,3.0652325639721404e-14
0.0,0.0,0.0,0.0,2.160780599111297e-14
0.0,0.0,0.0,0.0,1.1244335135840889e-14
0.0,0.0,0.0,0.0,1.4827709214717034e-14
0.0,0.0,0.0,0.0,1.9015725862986388e-14
0.0,0.0,0.0,0.0,1.2272343195478863e-14
0.0,0.0,0.0,0.0,4.6834369907038633e-14
0.0,0.0,0.0,0.0,1.5601366107977676e-14
0.0,0.0,0.0,0.0,1.8779974990406184e-14
0.0,0.0,0.0,0.0,3.652606255334499e-14
0.0,0.0,0.0,0.0,1.3003984250408133e-14
0.0,0.0,0.0,0.0,5.27328772006059e-15
0.0,0.0,0.0,0.0,1.0859557086466812e-14
0.0,0.0,0.0,0.0,2.0422295440361298e-14
0.0,0.0,0.0,0.0,1.3997039830854868e-14
0.0,0.0,0.0,0.0,2.5997481081615886e-14
0.0,0.0,0.0,0.0,1.0822309469224916e-14
0.0,0.0,0.0,0.0,1.8973090901635336e-14
0.0,0.0,0.0,0.0,1.085281386651271e-14
0.0,0.0,0.0,0.0,1.333510433903197e-14
0.0,0.0,0.0,0.0,1.4463689844266766e-14
0.0,0.0,0.0,0.0,2.11998830905252e-14
0.0,0.0,0.0,0.0,1.6903276628966196e-14
0.0,0.0,0.0,0.0,1.379319001230855e-14
0.0,0.0,0.0,0.0,1.972125494659474e-14
0.0,0.0,0.0,0.0,1.3355242807323725e-14
0.0,0.0,0.0,0.0,1.825041792260363e-14
0.0,0.0,0.0,0.0,1.055021462656307e-14
0.0,0.0,0.0,0.0,2.1954207029739113e-14
0.0,0.0,0.0,0.0,1.601145557656413e-14
0.0,0.0,0.0,0.0,1.1548671109905027e-14
0.0,0.0,0.0,0.0,1.4808697689571183e-14
0.0,0.0,0.0,0.0,2.0212910979231106e-14
0.0,0.0,0.0,0.0,1.0030281433031177e-14
0.0,0.0,0.0,0.0,2.0285556937417512e-14
0.0,0.0,0.0,0.0,1.0654085066653219e-14
0.0,0.0,0.0,0.0,1.5064190947449214e-14
0.0,0.0,0.0,0.0,1.7191664851239555e-14
0.0,0.0,0.0,0.0,1.785274793420628e-14
0.0,0.0,0.0,0.0,1.984796926779596e-14
0.0,0.0,0.0,0.0,1.0079764278464253e-14
0.0,0.0,0.0,0.0,1.0303620673691134e-14
0.0,0.0,0.0,0.0,1.3672157971395105e-14
0.0,0.0,0.0,0.0,2.7694938042683055e-14
0.0,0.0,0.0,0.0,2.332878800471849e-14
0.0,0.0,0.0,0.0,1.0917336074670745e-14
0.0,0.0,0.0,0.0,5.610737388195183e-15
0.0,0.0,0.0,0.0,1.4626479242028798e-14
0.0,0.0,0.0,0.0,1.1403196169675019e-14
0.0,0.0,0.0,0.0,1.937238798093641e-14
0.0,0.0,0.0,0.0,1.1096707688617798e-14
0.0,0.0,0.0,0.0,2.1076231915590104e-14
0.0,0.0,0.0,0.0,2.5624130199317026e-14
0.0,0.0,0.0,0.0,8.57713883343841e-15
0.0,0.0,0.0,0.0,2.0628879790855508e-14
0.0,0.0,0.0,0.0,1.4563021143373502e-14
0.0,0.0,0.0,0.0,9.847347550131825e-15
0.0,0.0,0.0,0.0,1.6619179673889148e-14
0.0,0.0,0.0,0.0,8.346669391736133e-15
0.0,0.0,0.0,0.0,1.434273030115025e-14
0.0,0.0,0.0,0.0,4.660232399932265e-14
0.0,0.0,0.0,0.0,6.2500165202401565e-15
0.0,0.0,0.0,0.0,3.0718230576296425e-14
0.0,0.0,0.0,0.0,1.4445218618679122e-14
0.0,0.0,0.0,0.0,1.3999557855729812e-14
0.0,0.0,0.0,0.0,2.265858782394936e-14
0.0,0.0,0.0,0.0,9.579474201202333e-15
0.0,0.0,0.0,0.0,1.3145680283129684e-14
0.0,0.0,0.0,0.0,1.1330198101517825e-14
0.0,0.0,0.0,0.0,3.8146970401764773e-14
0.0,0.0,0.0,0.0,2.445539538736364e-14
0.0,0.0,0.0,0.0,2.4191654751796043e-14
0.0,0.0,0.0,0.0,1.7828192786756447e-14
0.0,0.0,0.0,0.0,1.1779888990384987e-14
0.0,0.0,0.0,0.0,1.9529288714600583e-14
0.0,0.0,0.0,0.0,1.575601356987669e-14
0.0,0.0,0.0,0.0,1.7633119974111008e-14
0.0,0.0,0.0,0.0,7.867593348527937e-15
0.0,0.0,0.0,0.0,2.7668838315340878e-14
0.0,0.0,0.0,0.0,1.3665045207099776e-14
0.0,0.0,0.0,0.0,5.3752164669103565e-15
0.0,0.0,0.0,0.0,2.6833858976142376e-14
0.0,0.0,0.0,0.0,1.757077880291378e-14
0.0,0.0,0.0,0.0,1.1445994521188447e-14
0.0,0.0,0.0,0.0,9.167629964169977e-15
0.0,0.0,0.0,0.0,1.5415518291873768e-14
0.0,0.0,0.0,0.0,2.4390548746610765e-14
0.0,0.0,0.0,0.0,1.2431091281166785e-14
0.0,0.0,0.0,0.0,6.643433347086345e-15
0.0,0.0,0.0,0.0,1.6638180593504e-14
0.0,0.0,0.0,0.0,5.87068090725034e-15
0.0,0.0,0.0,0.0,3.399510451369728e-14
0.0,0.0,0.0,0.0,3.852562339791518e-15
0.0,0.0,0.0,0.0,2.3996523440361355e-14
0.0,0.0,0.0,0.0,1.6124538318010293e-14
0.0,0.0,0.0,0.0,3.5396365688260614e-14
0.0,0.0,0.0,0.0,1.2512567165056258e-14
0.0,0.0,0.0,0.0,2.1275978617532487e-14
0.0,0.0,0.0,0.0,1.0068607185298567e-14
